INSERT INTO chat_service.chat_space_user (id, creator_uuid, uuid, version) VALUES (1, '13d993c2-d736-42ce-9926-ec944b02cbcc', UUID() ,1);
INSERT INTO chat_service.chat_space_user (id, creator_uuid, uuid, version) VALUES (2, '555593c2-d736-42ce-9926-ec944b02cbcc', UUID() ,1);

INSERT INTO chat_service.chat_space (id, name, version, uuid) VALUES (1, 'ayl', 1, UUID()); INSERT INTO chat_service.chat_space (id, name, version, uuid) VALUES (2, 'cow', 1, UUID());
INSERT INTO chat_service.chat_space (id, name, version, uuid) VALUES (3, 'dog', 1, UUID());
INSERT INTO chat_service.chat_space (id, name, version, uuid) VALUES (45, 'cat', 0, UUID());
INSERT INTO chat_service.chat_space (id, name, version, uuid) VALUES (46, 'elephant', 0, UUID());
INSERT INTO chat_service.chat_space (id, name, version, uuid) VALUES (47, 'jake', 0, UUID());
INSERT INTO chat_service.chat_space (id, name, version, uuid) VALUES (48, 'birthdaypart', 0, UUID());
INSERT INTO chat_service.chat_space (id, name, version, uuid) VALUES (49, 'cake', 0, UUID());
INSERT INTO chat_service.chat_space (id, name, version, uuid) VALUES (50, 'ken', 0, UUID());
INSERT INTO chat_service.chat_space (id, name, version, uuid) VALUES (51, 'ryu', 0, UUID());
INSERT INTO chat_service.chat_space (id, name, version, uuid) VALUES (52, 'KAC', 0, UUID());
INSERT INTO chat_service.chat_space (id, name, version, uuid) VALUES (53, 'TELEPHIONE', 0, UUID());
INSERT INTO chat_service.chat_space (id, name, version, uuid) VALUES (54, 'MMEMEM', 0, UUID());
INSERT INTO chat_service.chat_space (id, name, version, uuid) VALUES (55, 'k', 0, UUID());
INSERT INTO chat_service.chat_space (id, name, version, uuid) VALUES (56, 'OOO', 0, UUID());

INSERT INTO chat_service.chat_space_user_chat_space (chat_space_user_id, chat_space_id) VALUES (1, 1);
INSERT INTO chat_service.chat_space_user_chat_space (chat_space_user_id, chat_space_id) VALUES (1, 2);
INSERT INTO chat_service.chat_space_user_chat_space (chat_space_user_id, chat_space_id) VALUES (1, 3);
INSERT INTO chat_service.chat_space_user_chat_space (chat_space_user_id, chat_space_id) VALUES (1, 45);
INSERT INTO chat_service.chat_space_user_chat_space (chat_space_user_id, chat_space_id) VALUES (1, 46);
INSERT INTO chat_service.chat_space_user_chat_space (chat_space_user_id, chat_space_id) VALUES (1, 47);
INSERT INTO chat_service.chat_space_user_chat_space (chat_space_user_id, chat_space_id) VALUES (1, 48);
INSERT INTO chat_service.chat_space_user_chat_space (chat_space_user_id, chat_space_id) VALUES (1, 49);
INSERT INTO chat_service.chat_space_user_chat_space (chat_space_user_id, chat_space_id) VALUES (1, 50);
INSERT INTO chat_service.chat_space_user_chat_space (chat_space_user_id, chat_space_id) VALUES (1, 51);
INSERT INTO chat_service.chat_space_user_chat_space (chat_space_user_id, chat_space_id) VALUES (1, 52);
INSERT INTO chat_service.chat_space_user_chat_space (chat_space_user_id, chat_space_id) VALUES (1, 53);
INSERT INTO chat_service.chat_space_user_chat_space (chat_space_user_id, chat_space_id) VALUES (1, 54);
INSERT INTO chat_service.chat_space_user_chat_space (chat_space_user_id, chat_space_id) VALUES (1, 55);
INSERT INTO chat_service.chat_space_user_chat_space (chat_space_user_id, chat_space_id) VALUES (1, 56);

INSERT INTO chat_service.user_invitation(id, invited_user, uuid, creation_timestamp, expiration_timestamp, version)
values (1, '99993c2-d736-42ce-9926-ec944b02cbcc', UUID(), CURRENT_TIMESTAMP(), CURRENT_TIMESTAMP(), 1);

INSERT INTO chat_service.chat_space_user_invitations (chat_space_id,user_invitations_id) VALUES (1, 1);

INSERT INTO chat_service.member (id, member_uuid) VALUES (1, '555593c2-d736-42ce-9926-ec944b02cbcc');
--
-- INSERT INTO chat_space_members(chat_space_id, members_id) VALUES (1, 1);
--
-- INSERT INTO message(id, created_timestamp, from_uuid, message, uuid, version) VALUES (1,CURRENT_TIMESTAMP(), '99993c2-d736-42ce-9926-ec944b02cbcc', 'SOME MESSAGE', UUID(), 1);
--
-- INSERT INTO chat_space_messages(chat_space_id, messages_id) VALUES (1,1);
